phase_id,phase_label,event_id,rank_type,analysis_universe,analysis_universe_label,cat_clean,semantic_within_cat,subcat_label,share_of_wallet_pre,share_of_wallet_post,share_of_wallet_diff,sales_per_active_user_diff,count_per_active_user_diff,active_subcat_user_proxy_diff,wallet_pct_shift_during_same_window,post_window_crosses_medibank,post_window_crosses_optus,n_obs_pre,n_obs_post,pre_user_weeks_sum,post_user_weeks_sum,pre_sales_sum,post_sales_sum
medibank_cyber_incident_2022_2w,Medibank cyber incident public disclosure +/-2w,medibank_cyber_incident_2022,telco_affected_positive,telco_affected_optus,Optus affected telco,Telecom & Internet,telco_optus,Telecom & Internet: telco optus,0.0015462480213578828,0.0016570358423267763,0.00011078782096889356,0.8903062612164243,0.007747678040992467,0.006654497593146333,0.06217361821148505,False,False,2,2,25773.0,28492.0,2671215.0199999902,3042327.22999999
medibank_cyber_incident_2022_2w,Medibank cyber incident public disclosure +/-2w,medibank_cyber_incident_2022,telco_competitor_negative,telco_competitors,Telco competitors,Telecom & Internet,telco_mvno,Telecom & Internet: telco mvno,0.00034462174734479155,0.00011198367268006214,-0.00023263807466472941,-0.8606690174453242,-0.012915202485901382,-0.011778075636804426,0.06217361821148505,False,False,2,2,11482.0,6119.0,594336.7500000001,204768.54999999987
medibank_cyber_incident_2022_2w,Medibank cyber incident public disclosure +/-2w,medibank_cyber_incident_2022,telco_competitor_negative,telco_competitors,Telco competitors,Telecom & Internet,telco_tier2_isp,Telecom & Internet: telco tier2 isp,0.0008078693733012885,0.0007070565741187122,-0.00010081279918257638,-0.19726511911143696,-0.0024958526449267507,-0.0020489163571932034,0.06217361821148505,False,False,2,2,16094.0,15024.0,1395372.1099999468,1293865.0399999558
medibank_cyber_incident_2022_2w,Medibank cyber incident public disclosure +/-2w,medibank_cyber_incident_2022,telco_competitor_negative,telco_competitors,Telco competitors,Telecom & Internet,telco_dodo,Telecom & Internet: telco dodo,9.497521273985104e-05,8.548960163268884e-05,-9.485611107162197e-06,-0.012556069203835896,-0.00018184792987097596,-0.00018590360032746944,0.06217361821148505,False,False,2,2,2556.0,2449.0,164066.45000000007,156926.89000000004
medibank_cyber_incident_2022_2w,Medibank cyber incident public disclosure +/-2w,medibank_cyber_incident_2022,telco_competitor_positive,telco_competitors,Telco competitors,Telecom & Internet,telco_telstra,Telecom & Internet: telco telstra,0.0022539130079851323,0.0023268402019824665,7.292719399733423e-05,0.9133085735367725,0.00561467920129384,0.005958823622608286,0.06217361821148505,False,False,2,2,30553.0,32911.0,3893291.5399999777,4261872.459999971
medibank_cyber_incident_2022_2w,Medibank cyber incident public disclosure +/-2w,medibank_cyber_incident_2022,telco_competitor_positive,telco_competitors,Telco competitors,Telecom & Internet,telco_vodafone,Telecom & Internet: telco vodafone,0.0007255884637413657,0.0007798012582321569,5.421279449079118e-05,0.4234360538320261,0.0032997543562113194,0.002983238731778609,0.06217361821148505,False,False,2,2,11814.0,13025.0,1252984.6499999936,1428977.0199999893
medibank_cyber_incident_2022_2w,Medibank cyber incident public disclosure +/-2w,medibank_cyber_incident_2022,health_insurance_positive,health_insurance_primary,Health insurance primary,Insurance,insurance_health,Insurance: insurance health,0.0034089248383655183,0.0036207686692675076,0.00021184383090198933,1.8488818250548569,0.0072639183818890285,0.005311965998397436,0.06217361821148505,False,False,2,2,44101.0,46040.0,5886197.650000035,6651531.350000029
medibank_cyber_incident_2022_2w,Medibank cyber incident public disclosure +/-2w,medibank_cyber_incident_2022,insurance_context_negative,insurance_context,Insurance context,Insurance,insurance_general,Insurance: insurance general,0.004989661518816149,0.004655845425384174,-0.0003338160934319755,0.04346092358098019,-0.0030419715720134133,-0.0032560708521653103,0.06217361821148505,False,False,2,2,46284.0,44405.0,8619898.840000004,8559205.97000003
medibank_cyber_incident_2022_2w,Medibank cyber incident public disclosure +/-2w,medibank_cyber_incident_2022,insurance_context_negative,insurance_context,Insurance context,Automotive & Fuel,auto_insurance,Automotive & Fuel: auto insurance,0.0001569116092695194,0.00014572563005153065,-1.118597921798874e-05,-0.004545935435337101,-0.0002596962579658529,-0.0002076809563202062,0.06217361821148505,False,False,2,2,1409.0,1303.0,271140.43000000017,266539.24
medibank_cyber_incident_2022_2w,Medibank cyber incident public disclosure +/-2w,medibank_cyber_incident_2022,telco_leakage_positive,telco_taxonomy_leakage,Telco labels outside primary telco category,Telecom & Internet,telco_unmatched,Telecom & Internet: telco unmatched,0.0011165803721964618,0.0013895486252124556,0.00027296825301599374,1.4424062776871942,0.006124886102575222,0.004848826727130877,0.06217361821148505,False,False,2,2,18336.0,20317.0,1929553.9399999955,2554125.6099999966
medibank_cyber_incident_2022_2w,Medibank cyber incident public disclosure +/-2w,medibank_cyber_incident_2022,insurance_leakage_negative,insurance_taxonomy_leakage,Insurance labels outside primary insurance rows,Insurance,insurance_unmatched,Insurance: insurance unmatched,0.004927983117890218,0.004144023228935721,-0.0007839598889544967,-1.807717973630023,0.0004390421691147506,0.0002730358323969062,0.06217361821148505,False,False,2,2,33814.0,33616.0,8509998.769999983,7623985.410000017
medibank_cyber_incident_2022_2w,Medibank cyber incident public disclosure +/-2w,medibank_cyber_incident_2022,insurance_leakage_negative,insurance_taxonomy_leakage,Insurance labels outside primary insurance rows,Insurance,insurance_transfer_misc,Insurance: insurance transfer misc,0.003951018500536098,0.003230791091946508,-0.0007202274085895905,-1.8344439771489771,0.0019523610887519777,0.0019418323203105256,0.06217361821148505,False,False,2,2,23028.0,23676.0,6824450.280000001,5944007.930000002
medibank_cyber_incident_2022_2w,Medibank cyber incident public disclosure +/-2w,medibank_cyber_incident_2022,insurance_leakage_negative,insurance_taxonomy_leakage,Insurance labels outside primary insurance rows,Insurance,insurance_bank_misc,Insurance: insurance bank misc,0.0005569385017713852,0.00046149950941948726,-9.543899235189791e-05,-0.24154714480533168,0.00040707063502625537,0.0003877083811066424,0.06217361821148505,False,False,2,2,2150.0,2302.0,962458.78,846085.1700000004
medibank_cyber_incident_2022_2w,Medibank cyber incident public disclosure +/-2w,medibank_cyber_incident_2022,insurance_leakage_negative,insurance_taxonomy_leakage,Insurance labels outside primary insurance rows,Insurance,insurance_misc_grocery_woolworths,Insurance: insurance misc grocery woolworths,0.00014621123937368996,0.00013882666778935687,-7.384571584333096e-06,0.010302783803319837,6.563537499010112e-05,5.6167785336630124e-05,0.06217361821148505,False,False,2,2,2118.0,2123.0,252592.68999999994,254801.27999999997
medibank_cyber_incident_2022_4w,Medibank cyber incident public disclosure +/-4w,medibank_cyber_incident_2022,telco_affected_positive,telco_affected_optus,Optus affected telco,Telecom & Internet,telco_optus,Telecom & Internet: telco optus,0.0015505108493718885,0.0016003035242733521,4.97926749014636e-05,0.46568947152574935,0.003497554940740333,0.0031118308587679624,0.03145900134954764,False,True,4,4,52766.0,55589.0,5508753.609999983,5929596.919999978
medibank_cyber_incident_2022_4w,Medibank cyber incident public disclosure +/-4w,medibank_cyber_incident_2022,telco_competitor_negative,telco_competitors,Telco competitors,Telecom & Internet,telco_mvno,Telecom & Internet: telco mvno,0.000224825259204191,0.00020846396837180133,-1.6361290832389667e-05,-0.006614663356080741,-0.0005689696692988966,-0.000502550532066999,0.03145900134954764,False,True,4,4,17483.0,17068.0,787727.55,784230.3700000001
medibank_cyber_incident_2022_4w,Medibank cyber incident public disclosure +/-4w,medibank_cyber_incident_2022,telco_competitor_negative,telco_competitors,Telco competitors,Telecom & Internet,telco_tier2_isp,Telecom & Internet: telco tier2 isp,0.0006924127038718641,0.0006788716681440525,-1.3541035727811603e-05,0.0590027882785078,4.3619688089698017e-05,-3.232486637455567e-05,0.03145900134954764,False,True,4,4,29005.0,28959.0,2458554.829999914,2509447.5899999132
medibank_cyber_incident_2022_4w,Medibank cyber incident public disclosure +/-4w,medibank_cyber_incident_2022,telco_competitor_negative,telco_competitors,Telco competitors,Telecom & Internet,telco_dodo,Telecom & Internet: telco dodo,9.15279388681481e-05,8.713755330914912e-05,-4.39038555899897e-06,-0.0024751596577863855,2.730565710082518e-05,4.909723700227946e-05,0.03145900134954764,False,True,4,4,5013.0,5061.0,324999.20000000007,323074.5200000001
medibank_cyber_incident_2022_4w,Medibank cyber incident public disclosure +/-4w,medibank_cyber_incident_2022,telco_competitor_positive,telco_competitors,Telco competitors,Telecom & Internet,telco_telstra,Telecom & Internet: telco telstra,0.0021351013811992635,0.002199715880003993,6.461449880472946e-05,0.5774250945676407,0.005357320483905012,0.0055176766884484085,0.03145900134954764,False,True,4,4,59274.0,64205.0,7616845.679999958,8131009.2699999465
medibank_cyber_incident_2022_4w,Medibank cyber incident public disclosure +/-4w,medibank_cyber_incident_2022,telco_competitor_positive,telco_competitors,Telco competitors,Telecom & Internet,telco_vodafone,Telecom & Internet: telco vodafone,0.0007252857029846662,0.0007866931806261005,6.14074776414343e-05,0.4048297802518439,0.0033702050486049615,0.0030416405661183483,0.03145900134954764,False,True,4,4,24103.0,26838.0,2548304.979999986,2911685.7099999795
medibank_cyber_incident_2022_4w,Medibank cyber incident public disclosure +/-4w,medibank_cyber_incident_2022,health_insurance_negative,health_insurance_primary,Health insurance primary,Insurance,insurance_health,Insurance: insurance health,0.0034804025389482303,0.0033701271273189944,-0.00011027541162923586,-0.014554060295326465,-0.0006470503283872026,-0.0012676917973533375,0.03145900134954764,False,True,4,4,90560.0,89482.0,12496780.810000064,12492517.960000059
medibank_cyber_incident_2022_4w,Medibank cyber incident public disclosure +/-4w,medibank_cyber_incident_2022,insurance_context_negative,insurance_context,Insurance context,Insurance,insurance_general,Insurance: insurance general,0.004810865468903557,0.004583780015520404,-0.00022708545338315234,-0.12114586789618542,-0.006385480354125853,-0.005171814579952777,0.03145900134954764,False,True,4,4,92692.0,88146.0,17096805.290000003,17002754.170000017
medibank_cyber_incident_2022_4w,Medibank cyber incident public disclosure +/-4w,medibank_cyber_incident_2022,insurance_context_negative,insurance_context,Insurance context,Insurance,insurance_life,Insurance: insurance life,0.00010966470659819057,5.3694321082684764e-05,-5.597038551550581e-05,-0.2280635201283967,2.3501171400563655e-05,1.2122332887277466e-06,0.03145900134954764,False,True,4,4,1102.0,1104.0,401711.78,198588.8
medibank_cyber_incident_2022_4w,Medibank cyber incident public disclosure +/-4w,medibank_cyber_incident_2022,insurance_context_negative,insurance_context,Insurance context,Automotive & Fuel,auto_insurance,Automotive & Fuel: auto insurance,0.00015119242983742398,0.00013819234116463168,-1.3000088672792298e-05,-0.03089689296955056,-0.0002003489762109549,-0.00018672636257524664,0.03145900134954764,False,True,4,4,2742.0,2576.0,538209.2400000001,510768.18000000005
medibank_cyber_incident_2022_4w,Medibank cyber incident public disclosure +/-4w,medibank_cyber_incident_2022,telco_leakage_positive,telco_taxonomy_leakage,Telco labels outside primary telco category,Telecom & Internet,telco_unmatched,Telecom & Internet: telco unmatched,0.0011837558923301168,0.001259331307229051,7.557541489893425e-05,0.431388216159994,0.0009636632116762703,0.0006832943051187645,0.03145900134954764,False,True,4,4,37995.0,38625.0,4279635.889999997,4670741.449999997
medibank_cyber_incident_2022_4w,Medibank cyber incident public disclosure +/-4w,medibank_cyber_incident_2022,insurance_leakage_negative,insurance_taxonomy_leakage,Insurance labels outside primary insurance rows,Insurance,insurance_unmatched,Insurance: insurance unmatched,0.005063327393443014,0.004234562971213219,-0.0008287644222297946,-3.003721732619784,-0.00038091842299979584,-0.0005147070530300418,0.03145900134954764,False,True,4,4,66909.0,66498.0,18381353.949999988,15712265.420000022
medibank_cyber_incident_2022_4w,Medibank cyber incident public disclosure +/-4w,medibank_cyber_incident_2022,insurance_leakage_negative,insurance_taxonomy_leakage,Insurance labels outside primary insurance rows,Insurance,insurance_transfer_misc,Insurance: insurance transfer misc,0.003688329760337841,0.003366777053321858,-0.0003215527070159832,-0.7278372921490739,0.000343770509546773,0.000207977359636298,0.03145900134954764,False,True,4,4,46349.0,46579.0,13141595.139999999,12502224.579999994
medibank_cyber_incident_2022_4w,Medibank cyber incident public disclosure +/-4w,medibank_cyber_incident_2022,insurance_leakage_negative,insurance_taxonomy_leakage,Insurance labels outside primary insurance rows,Insurance,insurance_bank_misc,Insurance: insurance bank misc,0.000491140984833614,0.0004648299627219974,-2.6311022111616628e-05,-0.04338732138398016,9.91598668217096e-05,0.00010177104562698273,0.03145900134954764,False,True,4,4,4328.0,4421.0,1758165.62,1718243.3900000001
medibank_cyber_incident_2022_4w,Medibank cyber incident public disclosure +/-4w,medibank_cyber_incident_2022,insurance_leakage_negative,insurance_taxonomy_leakage,Insurance labels outside primary insurance rows,Insurance,insurance_misc_grocery_woolworths,Insurance: insurance misc grocery woolworths,0.00013959888437909714,0.00013751517836868045,-2.0837060104166873e-06,0.012725859847241838,-5.8109180625154355e-05,-6.530416384905105e-05,0.03145900134954764,False,True,4,4,4126.0,4069.0,497996.79999999993,509726.6699999998
medibank_cyber_incident_2022_4w,Medibank cyber incident public disclosure +/-4w,medibank_cyber_incident_2022,insurance_leakage_positive,insurance_taxonomy_leakage,Insurance labels outside primary insurance rows,Insurance,insurance_misc_bnpl_humm,Insurance: insurance misc bnpl humm,4.6098995858316985e-05,4.765347671665149e-05,1.5544808583345068e-06,0.014112855907420396,0.0012493833777486073,0.0007462036898583531,0.03145900134954764,False,True,4,4,1701.0,2375.0,163783.8500000001,176592.97000000006
medibank_cyber_incident_2022_8w,Medibank cyber incident public disclosure +/-8w,medibank_cyber_incident_2022,telco_affected_negative,telco_affected_optus,Optus affected telco,Telecom & Internet,telco_optus,Telecom & Internet: telco optus,0.0015092641982447576,0.0015092354055893321,-2.8792655425461874e-08,0.2986658381079117,0.0018226459522046323,0.0014396897444071272,0.03733270800208084,False,True,8,8,106488.0,108150.0,11120286.999999972,11556971.089999955
medibank_cyber_incident_2022_8w,Medibank cyber incident public disclosure +/-8w,medibank_cyber_incident_2022,telco_competitor_negative,telco_competitors,Telco competitors,Telecom & Internet,telco_mvno,Telecom & Internet: telco mvno,0.00020761330725018622,0.00019222822792985803,-1.5385079320328195e-05,-0.00828669579924568,-0.00025594817491938343,-0.00025366096407962446,0.03733270800208084,False,True,8,8,34432.0,33691.0,1559079.5599999996,1531892.4200000002
medibank_cyber_incident_2022_8w,Medibank cyber incident public disclosure +/-8w,medibank_cyber_incident_2022,telco_competitor_negative,telco_competitors,Telco competitors,Telecom & Internet,telco_tier2_isp,Telecom & Internet: telco tier2 isp,0.0006744799640874848,0.000665828506312933,-8.651457774551809e-06,0.10722161026580412,0.0007799926019156841,0.0005536827011446907,0.03733270800208084,False,True,8,8,58552.0,58985.0,4967234.419999829,5111055.4799998235
medibank_cyber_incident_2022_8w,Medibank cyber incident public disclosure +/-8w,medibank_cyber_incident_2022,telco_competitor_negative,telco_competitors,Telco competitors,Telecom & Internet,telco_dodo,Telecom & Internet: telco dodo,8.541417977440038e-05,8.27699352348659e-05,-2.6442445395344794e-06,0.007477740057251214,0.00014664086256933363,0.00013555567281236473,0.03733270800208084,False,True,8,8,9772.0,9929.0,629211.4500000002,637096.3300000001
medibank_cyber_incident_2022_8w,Medibank cyber incident public disclosure +/-8w,medibank_cyber_incident_2022,telco_competitor_negative,telco_competitors,Telco competitors,Telecom & Internet,telco_vodafone,Telecom & Internet: telco vodafone,0.0007138140919879792,0.0007134363952027772,-3.7769678520199225e-07,0.17417711937108304,0.001298687710214956,0.0011239165963085815,0.03733270800208084,False,True,8,8,49308.0,50918.0,5203245.949999969,5472198.269999965
medibank_cyber_incident_2022_8w,Medibank cyber incident public disclosure +/-8w,medibank_cyber_incident_2022,telco_competitor_positive,telco_competitors,Telco competitors,Telecom & Internet,telco_telstra,Telecom & Internet: telco telstra,0.0020253659068478072,0.0021557318612100123,0.00013036595436220506,0.9681941750955385,0.006321114683945514,0.005549727164278179,0.03733270800208084,False,True,8,8,118759.0,127542.0,14954165.449999921,16532623.83999991
medibank_cyber_incident_2022_8w,Medibank cyber incident public disclosure +/-8w,medibank_cyber_incident_2022,health_insurance_negative,health_insurance_primary,Health insurance primary,Insurance,insurance_health,Insurance: insurance health,0.0032996800299695023,0.0032546533056594454,-4.5026724310056904e-05,0.4626153211486024,0.0014491720381706874,0.0006950080136726711,0.03733270800208084,False,True,8,8,178787.0,178431.0,24433142.34000012,25037469.850000083
medibank_cyber_incident_2022_8w,Medibank cyber incident public disclosure +/-8w,medibank_cyber_incident_2022,insurance_context_negative,insurance_context,Insurance context,Insurance,insurance_general,Insurance: insurance general,0.004610877117398532,0.004548056050133326,-6.282106726520579e-05,0.6593335162683722,-0.0026149635210314104,-0.002577613076521587,0.03733270800208084,False,True,8,8,183400.0,177235.0,34056561.28000001,34922723.530000076
medibank_cyber_incident_2022_8w,Medibank cyber incident public disclosure +/-8w,medibank_cyber_incident_2022,insurance_context_negative,insurance_context,Insurance context,Insurance,insurance_life,Insurance: insurance life,9.063174123595931e-05,5.453938651953704e-05,-3.609235471642227e-05,-0.14066333043851578,6.248451666519762e-05,3.659484759738316e-05,0.03733270800208084,False,True,8,8,2155.0,2201.0,681385.99,427447.11000000004
medibank_cyber_incident_2022_8w,Medibank cyber incident public disclosure +/-8w,medibank_cyber_incident_2022,insurance_context_negative,insurance_context,Insurance context,Automotive & Fuel,auto_insurance,Automotive & Fuel: auto insurance,0.00014089764462398333,0.00013498837013181344,-5.909274492169893e-06,0.002245628106220532,1.8677940455915764e-05,-1.0466165101544623e-05,0.03733270800208084,False,True,8,8,5278.0,5213.0,1039652.1700000003,1034186.5700000001
medibank_cyber_incident_2022_8w,Medibank cyber incident public disclosure +/-8w,medibank_cyber_incident_2022,insurance_context_negative,insurance_context,Insurance context,Travel,travel_insurance,Travel: travel insurance,2.982206082866951e-05,2.8265110084489523e-05,-1.5569507441799883e-06,-0.0019278715382238798,-4.18500758798822e-05,-3.9442364945487234e-05,0.03733270800208084,False,True,8,8,1298.0,1217.0,222678.11,217251.58000000002
medibank_cyber_incident_2022_8w,Medibank cyber incident public disclosure +/-8w,medibank_cyber_incident_2022,telco_leakage_negative,telco_taxonomy_leakage,Telco labels outside primary telco category,Telecom & Internet,telco_bank_misc,Telecom & Internet: telco bank misc,0.0002381152365673932,0.0002209855181880293,-1.7129718379363894e-05,-0.03549044645380717,-0.00023800699189604536,-0.00017370722032402828,0.03733270800208084,False,True,8,8,2300.0,1974.0,1766214.94,1691212.25
medibank_cyber_incident_2022_8w,Medibank cyber incident public disclosure +/-8w,medibank_cyber_incident_2022,telco_leakage_negative,telco_taxonomy_leakage,Telco labels outside primary telco category,Utilities,utility_dodo_power,Utilities: utility dodo power,5.284555476411973e-05,4.7716506520792054e-05,-5.129048243327679e-06,-0.011138138130022984,3.0385899981274578e-05,-1.6776670282700685e-05,0.03733270800208084,False,True,8,8,2078.0,2030.0,391009.34,367568.47
medibank_cyber_incident_2022_8w,Medibank cyber incident public disclosure +/-8w,medibank_cyber_incident_2022,telco_leakage_positive,telco_taxonomy_leakage,Telco labels outside primary telco category,Telecom & Internet,telco_unmatched,Telecom & Internet: telco unmatched,0.0011622588763738925,0.001204996733753245,4.273785737935257e-05,0.3501019566857977,0.0011298691490473842,0.0009146174821141884,0.03733270800208084,False,True,8,8,74529.0,75508.0,8673836.869999984,9216422.449999992
medibank_cyber_incident_2022_8w,Medibank cyber incident public disclosure +/-8w,medibank_cyber_incident_2022,insurance_leakage_negative,insurance_taxonomy_leakage,Insurance labels outside primary insurance rows,Insurance,insurance_unmatched,Insurance: insurance unmatched,0.004788392529541939,0.004261070060511806,-0.0005273224690301326,-1.5235527713317119,0.0004102283026459208,5.610262399920185e-05,0.03733270800208084,False,True,8,8,132665.0,131622.0,35475560.16999997,32473650.839999996
medibank_cyber_incident_2022_8w,Medibank cyber incident public disclosure +/-8w,medibank_cyber_incident_2022,insurance_leakage_negative,insurance_taxonomy_leakage,Insurance labels outside primary insurance rows,Insurance,insurance_transfer_misc,Insurance: insurance transfer misc,0.0034916166691612667,0.0033921609062822723,-9.945576287899438e-05,0.3470823167443218,0.00044385579927389007,3.513101929984719e-05,0.03733270800208084,False,True,8,8,92577.0,91856.0,25807445.609999992,26194200.70999997
medibank_cyber_incident_2022_8w,Medibank cyber incident public disclosure +/-8w,medibank_cyber_incident_2022,insurance_leakage_negative,insurance_taxonomy_leakage,Insurance labels outside primary insurance rows,Insurance,insurance_bank_misc,Insurance: insurance bank misc,0.00047420646220049263,0.00046909517525849586,-5.111286941996774e-06,0.0635236680474216,7.31230442456007e-05,9.133755436233071e-05,0.03733270800208084,False,True,8,8,8655.0,8741.0,3534249.1900000004,3609160.47
medibank_cyber_incident_2022_8w,Medibank cyber incident public disclosure +/-8w,medibank_cyber_incident_2022,insurance_leakage_negative,insurance_taxonomy_leakage,Insurance labels outside primary insurance rows,Loans,loans_insurance_premium_finance,Loans: loans insurance premium finance,6.177585922357456e-05,6.130036074898927e-05,-4.7549847458528294e-07,0.010236550780207021,1.1134729890454709e-05,1.9049894442908126e-05,0.03733270800208084,False,True,8,8,1490.0,1510.0,458720.79,472433.48
medibank_cyber_incident_2022_8w,Medibank cyber incident public disclosure +/-8w,medibank_cyber_incident_2022,insurance_leakage_positive,insurance_taxonomy_leakage,Insurance labels outside primary insurance rows,Insurance,insurance_misc_cash_withdrawal,Insurance: insurance misc cash withdrawal,0.00024107563353141309,0.0002607477515206587,1.9672117989245636e-05,0.09463014400517422,1.9208896494053414e-05,1.6448052189027692e-05,0.03733270800208084,False,True,8,8,1726.0,1740.0,1784196.9,1935058.08
medibank_cyber_incident_2022_8w,Medibank cyber incident public disclosure +/-8w,medibank_cyber_incident_2022,insurance_leakage_positive,insurance_taxonomy_leakage,Insurance labels outside primary insurance rows,Insurance,insurance_misc_grocery_woolworths,Insurance: insurance misc grocery woolworths,0.00013412482416123525,0.00013828581146785023,4.160987306614977e-06,0.04517095216019773,0.00011787510299406112,8.218408252699209e-05,0.03733270800208084,False,True,8,8,8187.0,8260.0,991403.7399999999,1062407.3999999997
medibank_cyber_incident_2022_8w,Medibank cyber incident public disclosure +/-8w,medibank_cyber_incident_2022,insurance_leakage_positive,insurance_taxonomy_leakage,Insurance labels outside primary insurance rows,Services,services_misc_insurance_general,Services: services misc insurance general,8.81665037494321e-06,1.135644257833139e-05,2.5397922033881795e-06,0.00979132662738065,7.601227752423436e-05,5.829932279427757e-05,0.03733270800208084,False,True,8,8,1728.0,1815.0,66545.82999999999,83079.8
medibank_cyber_incident_2022_8w,Medibank cyber incident public disclosure +/-8w,medibank_cyber_incident_2022,insurance_leakage_positive,insurance_taxonomy_leakage,Insurance labels outside primary insurance rows,Insurance,insurance_misc_bnpl_humm,Insurance: insurance misc bnpl humm,4.495050929093177e-05,4.5292376816596466e-05,3.4186752566469714e-07,0.010458879930815373,0.0006576119599963595,0.00040357357303827087,0.03733270800208084,False,True,8,8,3881.0,4567.0,332765.1900000002,348452.95000000007
optus_breach_public_2022_2w,Optus data breach public disclosure +/-2w,optus_breach_public_2022,telco_affected_positive,telco_affected_optus,Optus affected telco,Telecom & Internet,telco_optus,Telecom & Internet: telco optus,0.0015171994684677985,0.001688793454985424,0.00017159398651762545,-0.18155535396125622,-0.0007401150350046515,-0.000596559736193332,-0.13468948481477377,False,False,2,2,27147.0,26954.0,2881210.7499999925,2808003.1799999895
optus_breach_public_2022_2w,Optus data breach public disclosure +/-2w,optus_breach_public_2022,telco_competitor_positive,telco_competitors,Telco competitors,Telecom & Internet,telco_telstra,Telecom & Internet: telco telstra,0.002011302993130607,0.002196782711889108,0.00018547971875850118,-0.4332072320520286,-0.0011978013208665816,-0.0011363887222753388,-0.13468948481477377,False,False,2,2,30150.0,29738.0,3845532.9799999846,3664056.7799999774
optus_breach_public_2022_2w,Optus data breach public disclosure +/-2w,optus_breach_public_2022,telco_competitor_positive,telco_competitors,Telco competitors,Telecom & Internet,telco_vodafone,Telecom & Internet: telco vodafone,0.0006926816232368419,0.0007991920288975941,0.00010651040566075215,0.05229308642958097,0.0009663274826002717,0.000962782063664,-0.13468948481477377,False,False,2,2,12251.0,12707.0,1296568.899999993,1322710.8699999915
optus_breach_public_2022_2w,Optus data breach public disclosure +/-2w,optus_breach_public_2022,telco_competitor_positive,telco_competitors,Telco competitors,Telecom & Internet,telco_tier2_isp,Telecom & Internet: telco tier2 isp,0.0006714257820867362,0.0007050993694238603,3.3673587337124046e-05,-0.1974570649509011,-0.002757657909505093,-0.00273533739173527,-0.13468948481477377,False,False,2,2,14955.0,13790.0,1263673.8999999552,1180471.0299999602
optus_breach_public_2022_2w,Optus data breach public disclosure +/-2w,optus_breach_public_2022,telco_competitor_positive,telco_competitors,Telco competitors,Telecom & Internet,telco_dodo,Telecom & Internet: telco dodo,7.954120169215898e-05,9.845685595781668e-05,1.89156542656577e-05,0.02515090001587883,0.0003924406758371232,0.0004322804295272178,-0.13468948481477377,False,False,2,2,2335.0,2534.0,152330.93000000005,163948.55000000005
optus_breach_public_2022_2w,Optus data breach public disclosure +/-2w,optus_breach_public_2022,telco_competitor_positive,telco_competitors,Telco competitors,Telecom & Internet,telco_mvno,Telecom & Internet: telco mvno,0.0001458049780614795,0.00014718276170969148,1.3777836482119926e-06,-0.054457684431229225,-0.00041566584830260087,-0.00044514865866197677,-0.13468948481477377,False,False,2,2,6984.0,6812.0,270507.96999999974,247486.40999999986
optus_breach_public_2022_2w,Optus data breach public disclosure +/-2w,optus_breach_public_2022,health_insurance_positive,health_insurance_primary,Health insurance primary,Insurance,insurance_health,Insurance: insurance health,0.0032460558733471215,0.0033072371497860813,6.118127643895983e-05,-1.849719506547725,-0.008660337892888642,-0.007619965347628654,-0.13468948481477377,False,False,2,2,45401.0,42120.0,6302529.980000023,5492251.300000034
optus_breach_public_2022_2w,Optus data breach public disclosure +/-2w,optus_breach_public_2022,insurance_context_positive,insurance_context,Insurance context,Insurance,insurance_general,Insurance: insurance general,0.004193007122614874,0.005186184172030932,0.0009931770494160577,1.2996534023524866,0.008438889532514926,0.0058711743790292314,-0.13468948481477377,False,False,2,2,44120.0,46855.0,8038692.499999985,8639919.820000032
optus_breach_public_2022_2w,Optus data breach public disclosure +/-2w,optus_breach_public_2022,insurance_context_positive,insurance_context,Insurance context,Automotive & Fuel,auto_insurance,Automotive & Fuel: auto insurance,0.00013511055733387678,0.00016716004063448863,3.2049483300611856e-05,0.04304993563188009,0.0002012456784354173,0.0002161120946879199,-0.13468948481477377,False,False,2,2,1295.0,1395.0,259011.64999999994,278980.0300000001
optus_breach_public_2022_2w,Optus data breach public disclosure +/-2w,optus_breach_public_2022,telco_leakage_positive,telco_taxonomy_leakage,Telco labels outside primary telco category,Telecom & Internet,telco_unmatched,Telecom & Internet: telco unmatched,0.0011805082964809698,0.0012192866857208794,3.8778389239909564e-05,-0.6122477071028563,-0.0018643230434218921,-0.0008233950954945335,-0.13468948481477377,False,False,2,2,19099.0,18780.0,2300781.909999998,2034276.359999997
optus_breach_public_2022_2w,Optus data breach public disclosure +/-2w,optus_breach_public_2022,insurance_leakage_negative,insurance_taxonomy_leakage,Insurance labels outside primary insurance rows,Insurance,insurance_unmatched,Insurance: insurance unmatched,0.005744711808200291,0.00451651149403095,-0.0012282003141693412,-8.060063303762746,0.003221241963782387,0.0018064409059792425,-0.13468948481477377,False,False,2,2,32171.0,33063.0,11086271.769999992,7525916.09
optus_breach_public_2022_2w,Optus data breach public disclosure +/-2w,optus_breach_public_2022,insurance_leakage_positive,insurance_taxonomy_leakage,Insurance labels outside primary insurance rows,Insurance,insurance_transfer_misc,Insurance: insurance transfer misc,0.003256086858322115,0.003781233412719958,0.0005251465543978434,0.08991890299079941,0.0028222827433913716,0.0017234450083705721,-0.13468948481477377,False,False,2,2,22348.0,23174.0,6249192.589999998,6307712.7200000025
optus_breach_public_2022_2w,Optus data breach public disclosure +/-2w,optus_breach_public_2022,insurance_leakage_positive,insurance_taxonomy_leakage,Insurance labels outside primary insurance rows,Insurance,insurance_bank_misc,Insurance: insurance bank misc,0.00045652637409242215,0.0005214797037979644,6.495332970554225e-05,-0.004459132822829837,-0.00021621758338657548,-0.0002789207359054644,-0.13468948481477377,False,False,2,2,2200.0,2082.0,874600.95,876132.6
optus_breach_public_2022_2w,Optus data breach public disclosure +/-2w,optus_breach_public_2022,insurance_leakage_positive,insurance_taxonomy_leakage,Insurance labels outside primary insurance rows,Insurance,insurance_misc_grocery_woolworths,Insurance: insurance misc grocery woolworths,0.00013551071945963242,0.00014702716998280996,1.1516450523177537e-05,-0.03115466706059311,0.00010389799215453771,6.696117022597994e-05,-0.13468948481477377,False,False,2,2,2046.0,2082.0,258402.78999999998,245322.31999999995
optus_breach_public_2022_4w,Optus data breach public disclosure +/-4w,optus_breach_public_2022,telco_affected_positive,telco_affected_optus,Optus affected telco,Telecom & Internet,telco_optus,Telecom & Internet: telco optus,0.001395532922371605,0.0016284577656288236,0.00023292484325721863,-0.0629639534970936,-0.0009041200414015016,-0.000662351452799928,-0.16274041165066216,True,False,4,4,53680.0,53001.0,5611399.539999986,5545858.129999977
optus_breach_public_2022_4w,Optus data breach public disclosure +/-4w,optus_breach_public_2022,telco_competitor_positive,telco_competitors,Telco competitors,Telecom & Internet,telco_telstra,Telecom & Internet: telco telstra,0.001863237121493347,0.0022772522915629903,0.00041401517006964326,0.3081708276804189,0.002507428318524213,0.0019503879600723806,-0.16274041165066216,True,False,4,4,59552.0,61218.0,7514182.239999969,7780337.879999956
optus_breach_public_2022_4w,Optus data breach public disclosure +/-4w,optus_breach_public_2022,telco_competitor_positive,telco_competitors,Telco competitors,Telecom & Internet,telco_vodafone,Telecom & Internet: telco vodafone,0.000628605982283741,0.0007999244432614959,0.00017131846097775494,0.25379571150058133,0.0022338690102850917,0.0020473755145336107,-0.16274041165066216,True,False,4,4,23733.0,25541.0,2495214.059999987,2720057.8799999827
optus_breach_public_2022_4w,Optus data breach public disclosure +/-4w,optus_breach_public_2022,telco_competitor_positive,telco_competitors,Telco competitors,Telecom & Internet,telco_tier2_isp,Telecom & Internet: telco tier2 isp,0.0006179159405517062,0.0007505527679611794,0.00013263682740947318,0.10705449116686916,0.0009049663502530766,0.0007669491551265742,-0.16274041165066216,True,False,4,4,29188.0,29845.0,2475044.499999916,2568683.62999991
optus_breach_public_2022_4w,Optus data breach public disclosure +/-4w,optus_breach_public_2022,telco_competitor_positive,telco_competitors,Telco competitors,Telecom & Internet,telco_mvno,Telecom & Internet: telco mvno,0.00018732473559055873,0.00023164166315661723,4.4316927566058495e-05,0.020792672104398946,0.0005478382588608617,0.00045874566782647466,-0.16274041165066216,True,False,4,4,17191.0,17550.0,778938.2599999998,794552.4099999999
optus_breach_public_2022_4w,Optus data breach public disclosure +/-4w,optus_breach_public_2022,telco_competitor_positive,telco_competitors,Telco competitors,Telecom & Internet,telco_dodo,Telecom & Internet: telco dodo,7.539312404318196e-05,9.383768335899967e-05,1.8444559315817702e-05,0.01674827475961682,0.00032336896674566625,0.0003114145227359382,-0.16274041165066216,True,False,4,4,4704.0,4975.0,305031.44000000006,319527.9000000001
optus_breach_public_2022_4w,Optus data breach public disclosure +/-4w,optus_breach_public_2022,health_insurance_positive,health_insurance_primary,Health insurance primary,Insurance,insurance_health,Insurance: insurance health,0.0029568167642579275,0.003483008995371236,0.0005261922311133086,-0.16497197745761127,-0.00175135368505612,-0.0015989792393385632,-0.16274041165066216,True,False,4,4,88712.0,87134.0,12041053.560000043,11873275.63000007
optus_breach_public_2022_4w,Optus data breach public disclosure +/-4w,optus_breach_public_2022,insurance_context_negative,insurance_context,Insurance context,Insurance,insurance_life,Insurance: insurance life,9.211958700028802e-05,8.576035134470862e-05,-6.359235655579399e-06,-0.10195506811365662,6.919197321881513e-05,4.189249325713324e-05,-0.16274041165066216,True,False,4,4,1059.0,1094.0,380388.53,289785.93
optus_breach_public_2022_4w,Optus data breach public disclosure +/-4w,optus_breach_public_2022,insurance_context_positive,insurance_context,Insurance context,Insurance,insurance_general,Insurance: insurance general,0.004119361676994095,0.004910641076521,0.0007912793995269052,0.044835474301290645,0.00044596055522122535,-2.4409030060040804e-05,-0.16274041165066216,True,False,4,4,89728.0,89553.0,16712137.499999987,16723039.890000014
optus_breach_public_2022_4w,Optus data breach public disclosure +/-4w,optus_breach_public_2022,insurance_context_positive,insurance_context,Insurance context,Automotive & Fuel,auto_insurance,Automotive & Fuel: auto insurance,0.0001268124439916712,0.0001585438657192639,3.173142172759272e-05,0.03211240619086708,0.0002219797299404802,0.00022056990787187652,-0.16274041165066216,True,False,4,4,2555.0,2749.0,513020.83999999997,540812.1200000001
optus_breach_public_2022_4w,Optus data breach public disclosure +/-4w,optus_breach_public_2022,telco_leakage_positive,telco_taxonomy_leakage,Telco labels outside primary telco category,Telecom & Internet,telco_unmatched,Telecom & Internet: telco unmatched,0.0010853462994088355,0.0011861639430115823,0.00010081764360274684,-0.4339306050653198,0.0015027894912471168,0.0016770768911469544,-0.16274041165066216,True,False,4,4,36610.0,38047.0,4452852.519999996,4050340.8999999976
optus_breach_public_2022_4w,Optus data breach public disclosure +/-4w,optus_breach_public_2022,insurance_leakage_negative,insurance_taxonomy_leakage,Insurance labels outside primary insurance rows,Insurance,insurance_unmatched,Insurance: insurance unmatched,0.004600928375575472,0.004561307445928902,-3.962092964657042e-05,-3.333987549788766,0.002072370975898727,0.0012622366354046732,-0.16274041165066216,True,False,4,4,64697.0,65720.0,18523923.449999988,15545716.16
optus_breach_public_2022_4w,Optus data breach public disclosure +/-4w,optus_breach_public_2022,insurance_leakage_positive,insurance_taxonomy_leakage,Insurance labels outside primary insurance rows,Insurance,insurance_transfer_misc,Insurance: insurance transfer misc,0.003149216158269338,0.0036492851660105056,0.0005000690077411676,-0.3543550012620109,0.00021697670090210786,6.24838456551105e-05,-0.16274041165066216,True,False,4,4,45574.0,45552.0,12761770.309999993,12433225.13
optus_breach_public_2022_4w,Optus data breach public disclosure +/-4w,optus_breach_public_2022,insurance_leakage_positive,insurance_taxonomy_leakage,Insurance labels outside primary insurance rows,Insurance,insurance_bank_misc,Insurance: insurance bank misc,0.00045064205048348026,0.0005008145893556799,5.0172538872199596e-05,-0.13248896910846697,-8.138242717166226e-05,-4.6008427214757654e-05,-0.16274041165066216,True,False,4,4,4319.0,4271.0,1836243.02,1713825.1400000004
optus_breach_public_2022_4w,Optus data breach public disclosure +/-4w,optus_breach_public_2022,insurance_leakage_positive,insurance_taxonomy_leakage,Insurance labels outside primary insurance rows,Insurance,insurance_misc_grocery_woolworths,Insurance: insurance misc grocery woolworths,0.00012519857106161288,0.00014333418360029646,1.8135612538683582e-05,-0.017132471777862035,0.00016666874997323458,0.0001387682132145511,-0.16274041165066216,True,False,4,4,4011.0,4130.0,504948.75,488956.90999999986
optus_breach_public_2022_4w,Optus data breach public disclosure +/-4w,optus_breach_public_2022,insurance_leakage_positive,insurance_taxonomy_leakage,Insurance labels outside primary insurance rows,Insurance,insurance_misc_bnpl_humm,Insurance: insurance misc bnpl humm,4.1548507263864386e-05,4.900575892878765e-05,7.457251664923262e-06,-0.0010977502865479882,-0.0006021112461503703,-0.00037868177893384154,-0.16274041165066216,True,False,4,4,2179.0,1828.0,168501.41000000006,167095.94000000006
optus_breach_public_2022_8w,Optus data breach public disclosure +/-8w,optus_breach_public_2022,telco_affected_positive,telco_affected_optus,Optus affected telco,Telecom & Internet,telco_optus,Telecom & Internet: telco optus,0.0014043239491717664,0.0016300409054119096,0.0002257169562401432,0.17736601638657135,0.0007743891152139359,0.0005357357750325961,-0.13239221889966885,True,False,8,8,107812.0,108579.0,11193151.699999984,11489566.249999955
optus_breach_public_2022_8w,Optus data breach public disclosure +/-8w,optus_breach_public_2022,telco_competitor_positive,telco_competitors,Telco competitors,Telecom & Internet,telco_telstra,Telecom & Internet: telco telstra,0.0019267148829827372,0.0022428576778397253,0.0003161427948569881,0.26626312741387714,0.003844860778692588,0.002949637774470576,-0.13239221889966885,True,False,8,8,119134.0,124176.0,15362190.669999937,15805799.989999907
optus_breach_public_2022_8w,Optus data breach public disclosure +/-8w,optus_breach_public_2022,telco_competitor_positive,telco_competitors,Telco competitors,Telecom & Internet,telco_vodafone,Telecom & Internet: telco vodafone,0.000661271505233095,0.000793346039208407,0.00013207453397531203,0.19840982198442525,0.0016271546216911036,0.001496776140597341,-0.13239221889966885,True,False,8,8,49591.0,52197.0,5239604.019999968,5587464.379999964
optus_breach_public_2022_8w,Optus data breach public disclosure +/-8w,optus_breach_public_2022,telco_competitor_positive,telco_competitors,Telco competitors,Telecom & Internet,telco_tier2_isp,Telecom & Internet: telco tier2 isp,0.00062541481496941,0.0007144524640682194,8.903764909880935e-05,0.02940384949372854,-1.6300055238310796e-05,-0.00019710854452855558,-0.13239221889966885,True,False,8,8,58940.0,58494.0,4989252.059999825,5034529.839999825
optus_breach_public_2022_8w,Optus data breach public disclosure +/-8w,optus_breach_public_2022,telco_competitor_positive,telco_competitors,Telco competitors,Telecom & Internet,telco_mvno,Telecom & Internet: telco mvno,0.00019439163776530498,0.00022233125717706554,2.7939619411760562e-05,0.0293272448220655,0.0006639444489607814,0.0005361866959586563,-0.13239221889966885,True,False,8,8,33792.0,34671.0,1538719.0999999996,1587134.5800000003
optus_breach_public_2022_8w,Optus data breach public disclosure +/-8w,optus_breach_public_2022,telco_competitor_positive,telco_competitors,Telco competitors,Telecom & Internet,telco_dodo,Telecom & Internet: telco dodo,7.599179279088476e-05,9.06476499513683e-05,1.465585716048353e-05,0.018357820642025124,0.00031747879204731266,0.00027266017251104113,-0.13239221889966885,True,False,8,8,9466.0,9942.0,607011.1300000001,639005.8400000001
optus_breach_public_2022_8w,Optus data breach public disclosure +/-8w,optus_breach_public_2022,health_insurance_negative,health_insurance_primary,Health insurance primary,Healthcare & Medical,health_insurance,Healthcare & Medical: health insurance,4.4858025426504506e-05,4.2544964440339824e-05,-2.3130609861646823e-06,-0.03278827813189816,-0.0001787072556545318,-0.00016599371536493528,-0.13239221889966885,True,False,8,8,1300.0,1002.0,358097.66000000003,298885.58
optus_breach_public_2022_8w,Optus data breach public disclosure +/-8w,optus_breach_public_2022,health_insurance_positive,health_insurance_primary,Health insurance primary,Insurance,insurance_health,Insurance: insurance health,0.003042397291397793,0.003397990802641973,0.00035559351124417977,-0.08718576822302282,-0.0006209460351507545,-0.0009864188852232864,-0.13239221889966885,True,False,8,8,178112.0,176014.0,24180896.190000102,23983253.740000118
optus_breach_public_2022_8w,Optus data breach public disclosure +/-8w,optus_breach_public_2022,insurance_context_negative,insurance_context,Insurance context,Insurance,insurance_life,Insurance: insurance life,7.08398510475681e-05,6.8282972903447e-05,-2.5568781441211066e-06,-0.05641414219975471,6.78419403757752e-05,4.907171700062611e-05,-0.13239221889966885,True,False,8,8,2072.0,2156.0,576095.74,475745.35
optus_breach_public_2022_8w,Optus data breach public disclosure +/-8w,optus_breach_public_2022,insurance_context_positive,insurance_context,Insurance context,Insurance,insurance_general,Insurance: insurance general,0.004198281703559322,0.004905556290681323,0.0007072745871220011,0.5817324136646285,-0.0004021504380873897,-0.0009568689492533006,-0.13239221889966885,True,False,8,8,179828.0,177815.0,33567527.93999996,34533079.85000007
optus_breach_public_2022_8w,Optus data breach public disclosure +/-8w,optus_breach_public_2022,insurance_context_positive,insurance_context,Insurance context,Automotive & Fuel,auto_insurance,Automotive & Fuel: auto insurance,0.00013046304518910405,0.00014793660198117876,1.7473556792074713e-05,0.0002412539792164825,6.39249705005826e-05,5.8089628219607295e-05,-0.13239221889966885,True,False,8,8,5191.0,5286.0,1041944.91,1039979.8000000002
optus_breach_public_2022_8w,Optus data breach public disclosure +/-8w,optus_breach_public_2022,insurance_context_positive,insurance_context,Insurance context,Travel,travel_insurance,Travel: travel insurance,2.87255455559121e-05,2.9355238422361287e-05,6.296928664491886e-07,-0.012066197506685056,-4.2186292883130663e-05,-5.013477425231641e-05,-0.13239221889966885,True,False,8,8,1294.0,1203.0,229589.04999999993,207587.36000000002
optus_breach_public_2022_8w,Optus data breach public disclosure +/-8w,optus_breach_public_2022,telco_leakage_positive,telco_taxonomy_leakage,Telco labels outside primary telco category,Telecom & Internet,telco_unmatched,Telecom & Internet: telco unmatched,0.0011810671607608548,0.0012293480959911125,4.828093523025776e-05,-0.5527159754440945,0.001104956106731586,0.0011697733459920256,-0.13239221889966885,True,False,8,8,73802.0,75764.0,9694356.07999997,8692011.359999994
optus_breach_public_2022_8w,Optus data breach public disclosure +/-8w,optus_breach_public_2022,telco_leakage_positive,telco_taxonomy_leakage,Telco labels outside primary telco category,Telecom & Internet,telco_bank_misc,Telecom & Internet: telco bank misc,0.00020649599360009178,0.0002469552721721189,4.045927857202714e-05,0.06054204533075502,-0.00028848348178188324,-0.00021288816488852238,-0.13239221889966885,True,False,8,8,2302.0,1920.0,1637537.15,1745137.43
optus_breach_public_2022_8w,Optus data breach public disclosure +/-8w,optus_breach_public_2022,telco_leakage_positive,telco_taxonomy_leakage,Telco labels outside primary telco category,Utilities,utility_dodo_power,Utilities: utility dodo power,4.8536437944068804e-05,5.030430158040603e-05,1.7678636363372278e-06,-0.016527219765313683,-3.098704322495563e-05,-4.165773725677696e-05,-0.13239221889966885,True,False,8,8,2060.0,1983.0,385093.3,355119.29
optus_breach_public_2022_8w,Optus data breach public disclosure +/-8w,optus_breach_public_2022,insurance_leakage_negative,insurance_taxonomy_leakage,Insurance labels outside primary insurance rows,Insurance,insurance_unmatched,Insurance: insurance unmatched,0.004742011230148871,0.004713118624213848,-2.889260593502349e-05,-2.4570023610285787,0.0006169747117482638,0.00026295683284961735,-0.13239221889966885,True,False,8,8,131498.0,131749.0,37561914.61999999,33137020.200000003
optus_breach_public_2022_8w,Optus data breach public disclosure +/-8w,optus_breach_public_2022,insurance_leakage_positive,insurance_taxonomy_leakage,Insurance labels outside primary insurance rows,Insurance,insurance_transfer_misc,Insurance: insurance transfer misc,0.0032052731566177594,0.0036092314927838026,0.0004039583361660432,-0.05672934676923447,0.00013277958987689686,-3.5106668565772214e-05,-0.13239221889966885,True,False,8,8,91831.0,91624.0,25585717.429999985,25441898.71999999
optus_breach_public_2022_8w,Optus data breach public disclosure +/-8w,optus_breach_public_2022,insurance_leakage_positive,insurance_taxonomy_leakage,Insurance labels outside primary insurance rows,Insurance,insurance_misc_cash_withdrawal,Insurance: insurance misc cash withdrawal,0.00017633231967292915,0.0002951634767018597,0.00011883115702893056,0.3939459889730944,1.5849948660384694e-05,1.1343655449004239e-05,-0.13239221889966885,True,False,8,8,1712.0,1729.0,1382789.75,2084080.3499999999
optus_breach_public_2022_8w,Optus data breach public disclosure +/-8w,optus_breach_public_2022,insurance_leakage_positive,insurance_taxonomy_leakage,Insurance labels outside primary insurance rows,Insurance,insurance_misc_grocery_woolworths,Insurance: insurance misc grocery woolworths,0.00012550260247734443,0.0001441300976257072,1.8627495148362778e-05,0.00959080870618978,0.00013471086095992978,0.00010680641879334818,-0.13239221889966885,True,False,8,8,8062.0,8239.0,1000547.0699999998,1015669.9799999996
optus_breach_public_2022_8w,Optus data breach public disclosure +/-8w,optus_breach_public_2022,insurance_leakage_positive,insurance_taxonomy_leakage,Insurance labels outside primary insurance rows,Insurance,insurance_bank_misc,Insurance: insurance bank misc,0.0004762411072473546,0.0004890487167913393,1.2807609543984773e-05,-0.19608576170361003,-0.00013224205049038647,-0.00010683174308060914,-0.13239221889966885,True,False,8,8,8762.0,8557.0,3809615.5700000003,3447343.5300000003
optus_breach_public_2022_8w,Optus data breach public disclosure +/-8w,optus_breach_public_2022,insurance_leakage_positive,insurance_taxonomy_leakage,Insurance labels outside primary insurance rows,Insurance,insurance_misc_bnpl_humm,Insurance: insurance misc bnpl humm,4.3068435126120216e-05,4.834271212796092e-05,5.274277001840706e-06,-0.0009044354493211171,-0.00027292237075805803,-0.0001724681402887479,-0.13239221889966885,True,False,8,8,4389.0,4065.0,343328.2500000001,341014.8400000001
optus_breach_public_2022_8w,Optus data breach public disclosure +/-8w,optus_breach_public_2022,insurance_leakage_positive,insurance_taxonomy_leakage,Insurance labels outside primary insurance rows,Loans,loans_insurance_premium_finance,Loans: loans insurance premium finance,5.949844597836945e-05,6.322370527151305e-05,3.725259293143606e-06,-0.015073712824973995,-6.518270522243774e-06,-1.6436575480517721e-06,-0.13239221889966885,True,False,8,8,1473.0,1467.0,473810.29,446202.03
optus_breach_public_2022_8w,Optus data breach public disclosure +/-8w,optus_breach_public_2022,insurance_leakage_positive,insurance_taxonomy_leakage,Insurance labels outside primary insurance rows,Services,services_misc_insurance_general,Services: services misc insurance general,1.0887613832096637e-05,1.175356653756837e-05,8.659527054717327e-07,-0.0034817730614136178,-6.4961648215625806e-09,-1.0278669423453802e-05,-0.13239221889966885,True,False,8,8,1743.0,1722.0,88009.04999999999,81320.69
optus_data_sharing_response_2022_2w,Optus data-sharing / fraud-monitoring response +/-2w,optus_data_sharing_response_2022,telco_affected_negative,telco_affected_optus,Optus affected telco,Telecom & Internet,telco_optus,Telecom & Internet: telco optus,0.001688793454985424,0.0015681220762722235,-0.00012067137871320049,-0.1793486608856849,-0.002751842488188605,-0.002247807060220597,0.04690634496496163,True,False,2,2,26954.0,26047.0,2808003.1799999895,2737854.9499999876
optus_data_sharing_response_2022_2w,Optus data-sharing / fraud-monitoring response +/-2w,optus_data_sharing_response_2022,telco_competitor_negative,telco_competitors,Telco competitors,Telecom & Internet,telco_dodo,Telecom & Internet: telco dodo,9.845685595781668e-05,8.921851076018267e-05,-9.238345197634009e-06,-0.020205873454916645,-0.00019992427245132775,-0.0002308797775552856,0.04690634496496163,True,False,2,2,2534.0,2441.0,163948.55000000005,155579.35000000003
optus_data_sharing_response_2022_2w,Optus data-sharing / fraud-monitoring response +/-2w,optus_data_sharing_response_2022,telco_competitor_positive,telco_competitors,Telco competitors,Telecom & Internet,telco_mvno,Telecom & Internet: telco mvno,0.00014718276170969148,0.000316100564603543,0.0001689178028938515,0.662967547213507,0.009375601898566139,0.008657517837178575,0.04690634496496163,True,False,2,2,6812.0,10738.0,247486.40999999986,547066.0000000002
optus_data_sharing_response_2022_2w,Optus data-sharing / fraud-monitoring response +/-2w,optus_data_sharing_response_2022,telco_competitor_positive,telco_competitors,Telco competitors,Telecom & Internet,telco_telstra,Telecom & Internet: telco telstra,0.002196782711889108,0.0023577218712368736,0.00016093915934776559,0.9862678715288151,0.0033344672679475468,0.003698657017861137,0.04690634496496163,True,False,2,2,29738.0,31480.0,3664056.7799999774,4116281.099999978
optus_data_sharing_response_2022_2w,Optus data-sharing / fraud-monitoring response +/-2w,optus_data_sharing_response_2022,telco_competitor_positive,telco_competitors,Telco competitors,Telecom & Internet,telco_tier2_isp,Telecom & Internet: telco tier2 isp,0.0007050993694238603,0.0007960061664984987,9.090679707463847e-05,0.45605296376216575,0.005121317006434069,0.004960580482546956,0.04690634496496163,True,False,2,2,13790.0,16055.0,1180471.0299999602,1388212.5999999498
optus_data_sharing_response_2022_2w,Optus data-sharing / fraud-monitoring response +/-2w,optus_data_sharing_response_2022,telco_competitor_positive,telco_competitors,Telco competitors,Telecom & Internet,telco_vodafone,Telecom & Internet: telco vodafone,0.0007991920288975941,0.0008006568576253978,1.4648287278037865e-06,0.1537266517539666,0.0003142743833253747,0.00015593256537128203,0.04690634496496163,True,False,2,2,12707.0,12834.0,1322710.8699999915,1397347.0099999912
optus_data_sharing_response_2022_2w,Optus data-sharing / fraud-monitoring response +/-2w,optus_data_sharing_response_2022,health_insurance_positive,health_insurance_primary,Health insurance primary,Insurance,insurance_health,Insurance: insurance health,0.0033072371497860813,0.003658780840956391,0.0003515436911703095,1.9336090742733347,0.0070031435129113695,0.006078047546228038,0.04690634496496163,True,False,2,2,42120.0,45014.0,5492251.300000034,6381024.3300000345
optus_data_sharing_response_2022_2w,Optus data-sharing / fraud-monitoring response +/-2w,optus_data_sharing_response_2022,insurance_context_negative,insurance_context,Insurance context,Insurance,insurance_general,Insurance: insurance general,0.005186184172030932,0.004635097981011069,-0.0005510861910198632,-1.3217855829792242,-0.012794865247420975,-0.0097324785546853,0.04690634496496163,True,False,2,2,46855.0,42698.0,8639919.820000032,8083120.069999983
optus_data_sharing_response_2022_2w,Optus data-sharing / fraud-monitoring response +/-2w,optus_data_sharing_response_2022,insurance_context_negative,insurance_context,Insurance context,Automotive & Fuel,auto_insurance,Automotive & Fuel: auto insurance,0.00016716004063448863,0.0001499276908040392,-1.723234983044944e-05,-0.040166222229289006,-0.00012309017064498703,-0.000103628280851557,0.04690634496496163,True,False,2,2,1395.0,1354.0,278980.0300000001,261832.09000000005
optus_data_sharing_response_2022_2w,Optus data-sharing / fraud-monitoring response +/-2w,optus_data_sharing_response_2022,telco_leakage_negative,telco_taxonomy_leakage,Telco labels outside primary telco category,Telecom & Internet,telco_unmatched,Telecom & Internet: telco unmatched,0.0012192866857208794,0.0011530412003022852,-6.624548541859414e-05,-0.05085323509347539,0.0015511682861549178,0.0009374789448203524,0.04690634496496163,True,False,2,2,18780.0,19267.0,2034276.359999997,2016064.5400000005
optus_data_sharing_response_2022_2w,Optus data-sharing / fraud-monitoring response +/-2w,optus_data_sharing_response_2022,insurance_leakage_negative,insurance_taxonomy_leakage,Insurance labels outside primary insurance rows,Insurance,insurance_transfer_misc,Insurance: insurance transfer misc,0.003781233412719958,0.003517336919301053,-0.00026389649341890514,-0.471646439370911,-0.0032520770865451243,-0.0019935194469947112,0.04690634496496163,True,False,2,2,23174.0,22378.0,6307712.7200000025,6125512.409999998
optus_data_sharing_response_2022_2w,Optus data-sharing / fraud-monitoring response +/-2w,optus_data_sharing_response_2022,insurance_leakage_negative,insurance_taxonomy_leakage,Insurance labels outside primary insurance rows,Insurance,insurance_bank_misc,Insurance: insurance bank misc,0.0005214797037979644,0.0004801494749133952,-4.133022888456919e-05,-0.09083762806437012,7.017421268330597e-05,0.00022349662459379607,0.04690634496496163,True,False,2,2,2082.0,2189.0,876132.6,837692.5400000003
optus_data_sharing_response_2022_2w,Optus data-sharing / fraud-monitoring response +/-2w,optus_data_sharing_response_2022,insurance_leakage_negative,insurance_taxonomy_leakage,Insurance labels outside primary insurance rows,Insurance,insurance_misc_grocery_woolworths,Insurance: insurance misc grocery woolworths,0.00014702716998280996,0.00013964119721778293,-7.385972765027029e-06,-0.005674840567451711,-0.00013358945650989752,-9.288443743214747e-05,0.04690634496496163,True,False,2,2,2082.0,2048.0,245322.31999999995,243634.58999999994
optus_data_sharing_response_2022_2w,Optus data-sharing / fraud-monitoring response +/-2w,optus_data_sharing_response_2022,insurance_leakage_positive,insurance_taxonomy_leakage,Insurance labels outside primary insurance rows,Insurance,insurance_unmatched,Insurance: insurance unmatched,0.00451651149403095,0.004606103397826854,8.959190379590441e-05,1.02136862988176,-0.0024190144443295147,-0.0012166071616846325,0.04690634496496163,True,False,2,2,33063.0,32657.0,7525916.09,8019800.069999999
optus_data_sharing_response_2022_4w,Optus data-sharing / fraud-monitoring response +/-4w,optus_data_sharing_response_2022,telco_affected_negative,telco_affected_optus,Optus affected telco,Telecom & Internet,telco_optus,Telecom & Internet: telco optus,0.0016029964617266111,0.0016015346850520094,-1.4617766746017127e-06,0.09070021946608708,0.0002812848819281344,0.000389302982799003,0.004714331320025887,True,False,4,4,54101.0,54629.0,5689213.929999982,5789043.989999979
optus_data_sharing_response_2022_4w,Optus data-sharing / fraud-monitoring response +/-4w,optus_data_sharing_response_2022,telco_competitor_negative,telco_competitors,Telco competitors,Telecom & Internet,telco_dodo,Telecom & Internet: telco dodo,8.899902882498783e-05,8.857625644777628e-05,-4.227723772115495e-07,0.002433627985962139,0.00013927416502590613,0.0001337486267789286,0.004714331320025887,True,False,4,4,4869.0,5005.0,316279.4800000001,319533.8600000001
optus_data_sharing_response_2022_4w,Optus data-sharing / fraud-monitoring response +/-4w,optus_data_sharing_response_2022,telco_competitor_positive,telco_competitors,Telco competitors,Telecom & Internet,telco_telstra,Telecom & Internet: telco telstra,0.0021040428525098574,0.002309033122044145,0.00020499026953428763,0.8938531939059047,0.004689727791735168,0.004879053586949872,0.004714331320025887,True,False,4,4,59888.0,64422.0,7509589.759999962,8330374.009999951
optus_data_sharing_response_2022_4w,Optus data-sharing / fraud-monitoring response +/-4w,optus_data_sharing_response_2022,telco_competitor_positive,telco_competitors,Telco competitors,Telecom & Internet,telco_mvno,Telecom & Internet: telco mvno,0.00014649386988558547,0.00020824904145250498,6.17551715669195e-05,0.23700675037762908,0.003242628373111487,0.003033600272849074,0.004714331320025887,True,False,4,4,13796.0,16591.0,517994.3799999996,734352.6500000001
optus_data_sharing_response_2022_4w,Optus data-sharing / fraud-monitoring response +/-4w,optus_data_sharing_response_2022,telco_competitor_positive,telco_competitors,Telco competitors,Telecom & Internet,telco_vodafone,Telecom & Internet: telco vodafone,0.000745936826067218,0.0008019245857116069,5.5987759644388914e-05,0.2961773362763451,0.0020310933066153905,0.0018246960118301452,0.004714331320025887,True,False,4,4,24958.0,26681.0,2619279.7699999847,2893546.71999998
optus_data_sharing_response_2022_4w,Optus data-sharing / fraud-monitoring response +/-4w,optus_data_sharing_response_2022,telco_competitor_positive,telco_competitors,Telco competitors,Telecom & Internet,telco_tier2_isp,Telecom & Internet: telco tier2 isp,0.0006882625757552983,0.0007376082164841307,4.934564072883241e-05,0.22596298754292388,0.002125964735345161,0.002050671949438851,0.004714331320025887,True,False,4,4,28745.0,30675.0,2444144.9299999154,2654127.6799999066
optus_data_sharing_response_2022_4w,Optus data-sharing / fraud-monitoring response +/-4w,optus_data_sharing_response_2022,health_insurance_positive,health_insurance_primary,Health insurance primary,Insurance,insurance_health,Insurance: insurance health,0.003276646511566602,0.003529937834427087,0.000253291322860485,1.0053511414764849,0.004676336404189241,0.003499743644925321,0.004714331320025887,True,False,4,4,87521.0,90961.0,11794781.280000057,12736664.520000068
optus_data_sharing_response_2022_4w,Optus data-sharing / fraud-monitoring response +/-4w,optus_data_sharing_response_2022,insurance_context_negative,insurance_context,Insurance context,Insurance,insurance_life,Insurance: insurance life,9.733741770319168e-05,6.354207787945031e-05,-3.379533982374137e-05,-0.1488624687042937,3.2494689448849673e-06,-1.438389927210489e-05,0.004714331320025887,True,False,4,4,1082.0,1072.0,359261.78,227828.49
optus_data_sharing_response_2022_4w,Optus data-sharing / fraud-monitoring response +/-4w,optus_data_sharing_response_2022,insurance_context_negative,insurance_context,Insurance context,Insurance,insurance_general,Insurance: insurance general,0.004689595647322903,0.004675434932005687,-1.4160715317216091e-05,0.16822195079698332,-0.002753695811889778,-0.002947535695637396,0.004714331320025887,True,False,4,4,90975.0,88663.0,16678612.320000017,16885309.71
optus_data_sharing_response_2022_4w,Optus data-sharing / fraud-monitoring response +/-4w,optus_data_sharing_response_2022,insurance_context_negative,insurance_context,Insurance context,Automotive & Fuel,auto_insurance,Automotive & Fuel: auto insurance,0.0001511352989841827,0.00014272818180567217,-8.407117178510536e-06,-0.028043915423234367,-6.429712057980748e-05,-5.5072418062167543e-05,0.004714331320025887,True,False,4,4,2690.0,2650.0,537991.6799999999,514515.77
optus_data_sharing_response_2022_4w,Optus data-sharing / fraud-monitoring response +/-4w,optus_data_sharing_response_2022,telco_leakage_positive,telco_taxonomy_leakage,Telco labels outside primary telco category,Telecom & Internet,telco_unmatched,Telecom & Internet: telco unmatched,0.0011998974911009246,0.0012035887639126048,3.6912728116802584e-06,0.01794459238326418,0.0010715919422865927,0.0009900979582333352,0.004714331320025887,True,False,4,4,37879.0,38889.0,4335058.269999995,4362487.62
optus_data_sharing_response_2022_4w,Optus data-sharing / fraud-monitoring response +/-4w,optus_data_sharing_response_2022,insurance_leakage_negative,insurance_taxonomy_leakage,Insurance labels outside primary insurance rows,Insurance,insurance_unmatched,Insurance: insurance unmatched,0.00513061165111562,0.004536308198597645,-0.0005943034525179754,-2.6184442212979704,0.0020465473864885453,0.0014934896810551435,0.004714331320025887,True,False,4,4,65234.0,66801.0,18612187.859999992,16349761.870000012
optus_data_sharing_response_2022_4w,Optus data-sharing / fraud-monitoring response +/-4w,optus_data_sharing_response_2022,insurance_leakage_negative,insurance_taxonomy_leakage,Insurance labels outside primary insurance rows,Insurance,insurance_transfer_misc,Insurance: insurance transfer misc,0.003518660135521036,0.003488413887388895,-3.0246248132140968e-05,-0.028239544863275512,0.0005599441645891129,0.0005134170399572688,0.004714331320025887,True,False,4,4,45522.0,46142.0,12556905.31,12578290.760000005
optus_data_sharing_response_2022_4w,Optus data-sharing / fraud-monitoring response +/-4w,optus_data_sharing_response_2022,insurance_leakage_negative,insurance_taxonomy_leakage,Insurance labels outside primary insurance rows,Insurance,insurance_misc_grocery_woolworths,Insurance: insurance misc grocery woolworths,0.00014126894472122118,0.00013884099420716735,-2.4279505140538274e-06,-0.004717613193274017,2.0458123393480437e-05,-1.0143763681802476e-06,0.004714331320025887,True,False,4,4,4128.0,4141.0,503725.10999999987,501164.76999999984
optus_data_sharing_response_2022_4w,Optus data-sharing / fraud-monitoring response +/-4w,optus_data_sharing_response_2022,insurance_leakage_positive,insurance_taxonomy_leakage,Insurance labels outside primary insurance rows,Insurance,insurance_bank_misc,Insurance: insurance bank misc,0.0004890030389451932,0.0004937626425762511,4.759603631057912e-06,0.03006546432069168,7.334208044201124e-05,0.0001457534360734137,0.004714331320025887,True,False,4,4,4282.0,4426.0,1750733.55,1781974.2900000003
optus_data_sharing_response_2022_4w,Optus data-sharing / fraud-monitoring response +/-4w,optus_data_sharing_response_2022,insurance_leakage_positive,insurance_taxonomy_leakage,Insurance labels outside primary insurance rows,Insurance,insurance_misc_bnpl_humm,Insurance: insurance misc bnpl humm,4.56673791211209e-05,4.6688509165763504e-05,1.0211300446426053e-06,0.006043256099098282,0.0002566984478012376,0.00014361857258393847,0.004714331320025887,True,False,4,4,1707.0,1840.0,162290.84000000008,168232.53000000003
